Name,Brand,Price,Discount,Image_Link,Rating,Number of Ratings,Reviews,Current Views,Description
Letter & Bar Code Graphic Tee,SKU: swtee04200512858,US$8.00,NULL,https://img.ltwebstatic.com/images3_pi/2020/05/28/1590630640a101a2cf14d4efa8e83c5489cc1d7f5d_thumbnail_900x.webp,4.9,38 Reviews,"[['', 'cute', '4.9'], ['', 'It‚Äôs really nice and comfortable', '4.9'], ['', 'really cute & comfortable', '4.9']]",38 Reviews,"Style: Casual
Color: White
Pattern Type: Letter, Graphic
Neckline: Round Neck
Length: Regular
Sleeve Length: Short Sleeve
Sleeve Type: Regular Sleeve
Season: Summer
Composition: 100% Polyester
Material: Polyester
Fabric: Non-stretch
Sheer: No
Fit Type: Regular Fit
Placket Type: Pullovers"
Reflective Dragon Graphic Crop Tee,SKU: swtee04200618366,US$8.00,NULL,https://img.ltwebstatic.com/images3_pi/2020/07/08/1594174569839babff1fe4d0ace170dec14e2c4fb2_thumbnail_900x.webp,5.0,NEW,"[['', 'Just a tiny bit tight but pretty . Thought it glows in the dark but unfortunately it doesn‚Äôt but very cute', '5.0'], ['', 'i love this shirt!! it‚Äôs stretchy and super comfortable! also AWESOME with flash on', '5.0'], ['', 'Love', '5.0']]",NEW,
USA Graphic Boxy Tee,SKU: RTSH170309107,US$9.00,NULL,https://img.ltwebstatic.com/images3_pi/2020/01/03/1578040079756ca4166f85720f10b284a672fb4826_thumbnail_900x.webp,None,9999+ Reviews,"[['', 'i love it!! the material is soft and the quality is great. the colors aren‚Äôt faded at all and are vibrant! it does smell weird tho so i totally recommend washing before wearing :)', 'None'], ['', 'I LOVE this crop tee! I can‚Äôt wait to wear it more', 'None'], ['', 'Cute shirt. Nice material. Height: 5‚Äô2 weight: 138lbs bust size: 32D', 'None']]",9999+ Reviews,"A knit tee featuring a front ‚ÄúUSA‚Äù text graphic, dropped shoulders, an American flag graphic on one of the short sleeves, and a boxy fit. This comfy, patriotic tee would be perfect to wear this Fourth of July! Try wearing distressed shorts and red high-top sneakers to complete the perfect holiday look."
Letter And Graphic Print Tee,SKU: swtee44200612713,US$11.00,NULL,https://img.ltwebstatic.com/images3_pi/2020/06/12/15919402121d8aeb5c7650d9ac29f57468d38cb391_thumbnail_900x.webp,4.8,NEW,"[['', 'fits like the oversized t-shirts on the site, just a tad smaller. i got a medium and it fits like an xl on me :) love it for the bagginess', '4.8'], ['', 'I got XS and its still very oversized, keep that in mind', '4.8'], ['', 'i love this shirt so much. it is made of great material and i can‚Äôt wait to wear it.', '4.8']]",NEW,"Style: Casual
Color: Black
Pattern Type: Letter, Graphic
Neckline: Round Neck
Length: Regular
Sleeve Length: Short Sleeve
Sleeve Type: Regular Sleeve
Season: Summer
Composition: 95% Polyester, 5% Spandex
Material: Polyester
Fabric: High Stretch
Sheer: No
Fit Type: Regular Fit
Placket Type: Pullovers"
SHEIN Graphic Print Tie Dye Drop Shoulder Tee,SKU: swtee07200519884,US$10.00,NULL,https://img.ltwebstatic.com/images3_pi/2020/06/03/1591150424cc4489c39b787baa2a01ddbdaedbe91b_thumbnail_900x.webp,4.9,393 Reviews,"[['', 'I‚Äôm not mad at it. I just thought it‚Äôd be a little different. I like the colors and the design. The material is just not what I expected.', '4.9'], ['', 'print and text inside shirt and not on top which makes it easier to wash and not fade', '4.9'], ['', 'I love it looks exactly like picture Im 160 pounds 5feet0 got a large', '4.9']]",393 Reviews,"Style: Casual
Color: Multicolor
Pattern Type: Tie Dye, Graphic
Neckline: Round Neck
Length: Regular
Sleeve Length: Short Sleeve
Sleeve Type: Drop Shoulder
Season: Summer
Composition: 95% Polyester, 5% Spandex
Material: Polyester
Fabric: Slight Stretch
Sheer: No
Fit Type: Regular Fit
Placket Type: Pullovers"
Car And Slogan Graphic Drop Shoulder Oversize Tee,SKU: swtee03200409369,US$13.00,NULL,https://img.ltwebstatic.com/images3_pi/2020/04/26/1587902780b2296a9fb084fbd4cda4fc4b5647600e_thumbnail_900x.webp,4.6,1314 Reviews,"[['', 'A dupe for pacsun shirt', '4.6'], ['', 'the PERFECT brandy dupe. its slightly see through and the sleeves are very long but thats okay bc its supposed to be oversized anyway :) the print is bright, just like the photo, and the tshirt is so comfy. (ignore size info but height)', '4.6'], ['', 'This shirt is soooooo good and it looks just like brandy and it‚Äôs comfy asf it‚Äôll look so good on mom jeans and Nike Air Force 1‚Äôs!!!!', '4.6']]",1314 Reviews,"Style: Casual
Color: White
Pattern Type: Graphic, Slogan
Neckline: Round Neck
Length: Long
Sleeve Length: Half Sleeve
Sleeve Type: Drop Shoulder
Season: Summer
Composition: 35% Cotton, 65% Polyester
Material: Polyester
Fabric: Slight Stretch
Sheer: No
Fit Type: Oversized
Placket Type: Pullovers"
Los Angeles Summer Graphic Oversized Tee,SKU: swtee00200518941,US$14.00,NULL,https://img.ltwebstatic.com/images3_pi/2020/05/28/1590647231af4f2098e20a548c02f8ae044cfbe27b_thumbnail_900x.webp,4.9,514 Reviews,"[['', 'The quality is so bad', '4.9'], ['', 'The material is not exactly like the picture but other then that it‚Äôs nice', '4.9'], ['', 'very cute! i love it!!! I got a medium and its big on me! so if your looking for a nice loose graphic tee to wear with biker shorts get your size but if your looking for a regular size shirt get smaller!', '4.9']]",514 Reviews,"Make a statement in this knit oversized tee with front ‚ÄúLos Angeles Summer‚Äù and ‚ÄúCalifornia‚Äù texts with tropical graphics, a crew neck, short sleeves, and a longline hem. Create a chic, athleisure look by pairing this tee with biker shorts, high-top sneakers, and a fanny pack."
Cruisin Car Graphic Short Sleeve Tee,SKU: swtee00190826568,US$12.00,NULL,https://img.ltwebstatic.com/images3_pi/2020/03/24/15850160413dd193faf64a20bee4ac070de010b18f_thumbnail_900x.webp,None,9999+ Reviews,"[['', 'Love, love, love. I ordered a size up to make it off the shoulders but had to cut the sides in the end. Still love the shirt.', 'None'], ['', 'True to size', 'None'], ['', 'Paired it with some cute bottoms, love it', 'None']]",9999+ Reviews,"A knit tee featuring a front graphic of a 50‚Äôs inspired drive-in restaurant complete with ‚ÄúAmerican Style‚Äù, ‚ÄúBurger City‚Äù, and ‚ÄúCruisin‚Äù text, a crew neck, dropped shoulders, short sleeves, and relaxed fit. Complete the look by pairing this retro and casual tee with plaid pants and white sneakers."
Solid Drop Shoulder Oversize Tee,SKU: swtee04200604995,US$10.00,NULL,https://img.ltwebstatic.com/images3_pi/2020/06/08/15915810744aa3c9c14b4be91db86034fa41064f6f_thumbnail_900x.webp,4.7,553 Reviews,"[['', 'Not as bright as I imagined. The fabric is really soft, a bit see through but totally okay with a nude bra. It‚Äôs also not as oversized as I thought it would be. It‚Äôs still really nice!üíñ', '4.7'], ['', 'ÿ≠ŸÑŸàŸá ŸÖÿ±Ÿá ÿÆÿ∞Ÿàÿß ŸÖŸÇÿßÿ≥ŸÉŸÖ ŸÑÿßŸÜ ŸÖÿ±Ÿá ŸÉÿ®Ÿäÿ±Ÿá Ÿàÿ∑ŸàŸäŸÑ ŸäŸàÿµŸÑ ŸÑŸÜÿµ ÿßŸÑŸÅÿÆÿ∞ ŸÑÿßŸäŸÉ ŸÑŸà ÿßÿ≥ÿ™ŸÅÿØÿ™Ÿàÿß', '4.7'], ['', 'Small is oversized but still nice.', '4.7']]",553 Reviews,"Style: Casual
Color: White
Pattern Type: Plain
Neckline: Round Neck
Length: Regular
Sleeve Length: Half Sleeve
Sleeve Type: Drop Shoulder
Season: Summer
Composition: 100% Cotton
Material: Cotton
Fabric: Slight Stretch
Sheer: No
Fit Type: Oversized
Placket Type: Pullovers"
Letter & Graphic Print Tee,SKU: swtee01200428107,US$11.00,NULL,https://img.ltwebstatic.com/images3_pi/2020/05/04/1588579015fabacf73c6a85bdabac28824f16938b9_thumbnail_900x.webp,4.8,451 Reviews,"[['', 'True to size', '4.8'], ['', 'Really good quality t-shirt. Material is soft but sturdy enough? Print doesnt look likely to come off easily.', '4.8'], ['', 'good basic shirt! I sized up to a large for an oversized fit but it was just a bit looser. I would probably size up if you want it to fit loosely', '4.8']]",451 Reviews,"Style: Casual
Color: Beige
Pattern Type: Letter, Graphic
Neckline: Round Neck
Length: Regular
Sleeve Length: Short Sleeve
Sleeve Type: Regular Sleeve
Season: Summer
Composition: 97% Polyester, 3% Spandex
Material: Polyester
Fabric: Slight Stretch
Sheer: No
Fit Type: Regular Fit
Placket Type: Pullovers"
Chinese Letter Graphic Longline Tee,SKU: swtee04200520627,US$10.00,NULL,https://img.ltwebstatic.com/images3_pi/2020/06/03/1591149404ed1d8b1b8627670b8122df971702f369_thumbnail_900x.webp,4.9,1249 Reviews,"[['', 'Nice it translates to emotionally stabled if you‚Äôre wondering', '4.9'], ['', 'perfect size! ordered the black! and the meaning of it is ‚Äúemotionally stable‚Äù lol. #BLACKLIVESMATTER', '4.9'], ['', 'the perfect t shirt dress!! if you were wondering the chinese characters say something along the lines of ‚Äústay chill‚Äù or ‚Äúcalm down‚Äù :)', '4.9']]",1249 Reviews,"Style: Casual
Color: Black
Pattern Type: Letter
Neckline: Round Neck
Length: Long
Sleeve Length: Short Sleeve
Sleeve Type: Drop Shoulder
Season: Summer
Composition: 100% Polyester
Material: Polyester
Fabric: High Stretch
Sheer: No
Fit Type: Oversized
Placket Type: Pullovers"
No Bad Days Graphic Tee,SKU: swtee01190920109,US$10.00,NULL,https://img.ltwebstatic.com/images2_pi/2019/09/20/15689619082476001352_thumbnail_900x1199.webp,None,3947 Reviews,"[['', 'I love this shirt, I should‚Äôve order a S as it runs big!', 'None'], ['', 'Such a cute shirt!! I love it', 'None'], ['', 'This graphic tee is such great quality. If your wanting to knot it in the front I would recommend sizing up.', 'None']]",3947 Reviews,"A knit tee featuring front sun and cloud graphics with ‚ÄúNo Bad Days‚Äù and ‚ÄúLivin‚Äô On Cloud 9‚Äù texts, a crew neck, dropped shoulders, and short sleeves. This cute pink T-shirt would be perfect for a beach day! Complete the summer look with denim shorts and flip flops."
SHEIN Drop Shoulder Car and Tropical Print Top,SKU: swtee07200428992,US$13.00,NULL,https://img.ltwebstatic.com/images3_pi/2020/05/08/158892080663d16eef3ed146b5e1479bf68ccb49e4_thumbnail_900x.webp,4.7,352 Reviews,"[['', 'Perfect over sized t shirt! Soft material', '4.7'], ['', 'I love this!! it runs super big though but probably bc its supposed to be oversized. Im 5ft and from reading reviews I ordered a small and it fit great and was to almost the middle of my thighs. this shirt is dope I love the colors and print. definitely 100% recommend', '4.7'], ['', 'It‚Äôs suppose to be oversized so I‚Äôm not upset but i would‚Äôve preferred it fitted, I‚Äôll make it work though and it‚Äôs super soft. Would suggest double sizing down!!', '4.7']]",352 Reviews,"Style: Casual
Color: Black
Pattern Type: Letter, Tropical
Neckline: Round Neck
Length: Long
Sleeve Length: Half Sleeve
Sleeve Type: Drop Shoulder
Season: Summer
Composition: 95% Polyester, 5% Spandex
Material: Polyester
Fabric: Slight Stretch
Sheer: No
Fit Type: Oversized
Placket Type: Pullovers"
Tropical & Letter Graphic Oversized Tee,SKU: swtee03200513999,US$14.00,NULL,https://img.ltwebstatic.com/images3_pi/2020/05/26/159047818858bac6e2ce9496c6ccb01dd240d6a0ab_thumbnail_900x.webp,None,2627 Reviews,"[['', 'Like comment for points', 'None'], ['', 'The quality is so bad', 'None'], ['', 'Thin and comfortable material, although its see-through', 'None']]",2627 Reviews,"Style: Casual
Color: Black
Pattern Type: Letter, Tropical
Neckline: Round Neck
Length: Long
Sleeve Length: Half Sleeve
Sleeve Type: Drop Shoulder
Season: Summer
Composition: 100% Cotton
Material: Cotton
Fabric: Slight Stretch
Sheer: No
Fit Type: Oversized
Placket Type: Pullovers"
Embroidered Butterfly Graphic Oversized Tee,SKU: swtee01200514006,US$14.00,NULL,https://img.ltwebstatic.com/images3_pi/2020/05/26/1590473713c535d0a1e675a570b06536a19ded54cd_thumbnail_900x.webp,4.8,557 Reviews,"[['', 'Not oversized, if youre looking for it to be - size up! Ordering a medium as we speak, gonna keep the small though for when i wanna wear a normal sized tee - super cute!', '4.8'], ['', 'Not see through. Not very oversized, they are on the sleeves but not really on length so I‚Äôd recommend sizing up. (Ignore the size information)', '4.8'], ['', 'very cute but the butterfly is a patch it isn‚Äôt actually embroidered on', '4.8']]",557 Reviews,"A knit tee featuring a front embroidered butterfly graphic, a crew neck, dropped shoulders, short sleeves, and an oversized fit. Create a trendy yet comfy look by pairing this T-shirt with biker shorts, cat-eye sunglasses, and sneakers."
Drop Shoulder Letter Graphic Longline Tee,SKU: swtee04200520548,US$14.00,NULL,https://img.ltwebstatic.com/images3_pi/2020/05/27/1590546970b2dc433ef8159a9a71376ea11fd3b681_thumbnail_900x.webp,4.8,1684 Reviews,"[['', 'Try on on my tiktok @rxmygg', '4.8'], ['', 'In love with this shirt! Looks exactly like the pic. It is definitely oversized so you can even size down if you want to. I‚Äôm usually a size sm and went with a xs and it is still oversized (:', '4.8'], ['', 'Keep in mind this is pretty oversized; I usually wear a large and I ordered a medium and it still fits me pretty large', '4.8']]",1684 Reviews,"Style: Casual
Color: Blue
Pattern Type: Letter
Neckline: Round Neck
Length: Long
Sleeve Length: Three Quarter Length Sleeve
Sleeve Type: Drop Shoulder
Season: Summer
Composition: 95% Cotton, 5% Polyester
Material: Cotton
Fabric: Slight Stretch
Sheer: No
Fit Type: Oversized
Placket Type: Pullovers"
Social Distancing Graphic Short Sleeve Tee,SKU: swtee23200602681,US$8.00,NULL,https://img.ltwebstatic.com/images3_pi/2020/06/08/1591593021ae8e3a308b71fe0341126a473d08cad7_thumbnail_900x.webp,4.9,2373 Reviews,"[['', 'Love this tee. Great to wear outside in public and remind everyone to keep away lol', '4.9'], ['', 'Super comfy and good for when the second wave of Covid hits!', '4.9'], ['', 'Cute t shirt. I noticed one of the letters are missing but I‚Äôll still wear it anyways.', '4.9']]",2373 Reviews,"A knit tee featuring front ‚ÄúSocial Distancing‚Äù and ‚ÄúIf You‚Äôre Reading This, You‚Äôre Too Close‚Äù text graphics, a crew neck, and short sleeves. Create an optional cropped tee by self knotting the hem. Pair with joggers and sneakers to complete the look."
SHEIN Graphic Print Tie Dye Tee,SKU: swtee07190307112,US$11.00,NULL,https://img.ltwebstatic.com/images2_pi/2019/03/29/15538523284190893694_thumbnail_900x1199.webp,None,8993 Reviews,"[['', 'I read comments that said don‚Äôt size up but i recommend it. I‚Äôm 5‚Äô8 and 135lbs with a 32A bra size and I ordered a small. It is a little smaller than what i was hoping for so definitely size up in my mind if you wanna T-shirt dress or over sized T-shirt kinda shirt. Also i was trying on my bathing suits so i have bathing suit bottoms on in the pic', 'None'], ['', 'This shirt looks exactly like the picture and the colors are the same and vibrant. It‚Äôs very comfy and roomy ü•∞ the material is very soft which I like because I have sensitive skin. I got a size L and it fit perfect üíú', 'None'], ['', 'I ordered a medium to get the oversized look, it fits more like a large', 'None']]",8993 Reviews,"Style: Casual
Color: Multicolor
Pattern Type: Letter, Tie Dye
Neckline: Round Neck
Length: Regular
Sleeve Length: Short Sleeve
Season: Summer
Composition: 95% Polyester, 5% Spandex
Fabric: High Stretch
Fit Type: Regular Fit
Placket Type: Pullovers"
Slogan & Car Graphic Oversized Tee,SKU: swtee04200430122,US$14.00,NULL,https://img.ltwebstatic.com/images3_pi/2020/05/11/15891688901569f099cfa55120e1236dad1ce205a6_thumbnail_900x.webp,None,826 Reviews,"[['', 'Love', 'None'], ['', 'It‚Äôs way tooo big', 'None'], ['', 'i ordered it in a size up and i love it so comfy would recommend getting your normal size cause it is big enough to stay as your normal size and be the oversized', 'None']]",826 Reviews,"Style: Casual
Color: Multicolor
Pattern Type: Graphic, Slogan
Neckline: Round Neck
Length: Long
Sleeve Length: Three Quarter Length Sleeve
Sleeve Type: Drop Shoulder
Season: Spring/Summer
Composition: 95% Cotton, 5% Polyester
Material: Cotton
Fabric: Slight Stretch
Sheer: No
Fit Type: Oversized
Placket Type: Pullovers"
Letter & Car Graphic Oversized Tee,SKU: swtee04200617611,US$13.00,NULL,https://img.ltwebstatic.com/images3_pi/2020/06/23/15928828706309d5ead26c5914987ebb85c44129b1_thumbnail_900x.webp,4.8,499 Reviews,"[['', 'Love it Love it Love it Love it Love it Love it Love it Love it Love it Love it Love it Love it Love it Love it Love it Love it Love it Love it Love it Love it Love it Love it Love it Love it Love it Love it Love it Love it Love it Love it Love it Love it Love it Love it Love it Love it Love it Love it Love it Love it Love it Love it Love it Love it Love it Love it Love it Love it Love it Love it Love it Love it Love it Love it Love it Love it Love it Love it Love it Love it Love it Love it Love it Love it Love it Love it Love it Love it Love it Love it Love it Love it Love it Love it Love it', '4.8'], ['', 'Got xs but fit like a large', '4.8'], ['', 'It‚Äôs still big I got a xs and I‚Äôm usually a medium but cute shirt', '4.8']]",499 Reviews,"Style: Casual
Color: White
Pattern Type: Letter, Graphic
Neckline: Round Neck
Length: Long
Sleeve Length: Half Sleeve
Sleeve Type: Drop Shoulder
Season: Summer
Composition: 65% Cotton, 35% Polyester
Material: Cotton
Fabric: Slight Stretch
Sheer: No
Fit Type: Oversized
Placket Type: Pullovers"
SHEIN Drop Shoulder Tie Dye Tee,SKU: swtee07200504133,US$11.00,NULL,https://img.ltwebstatic.com/images3_pi/2020/05/08/158891420863b8807660f5d6b4af8459b309fa5d8f_thumbnail_900x.webp,4.8,163 Reviews,"[['', 'Pretty loose and long you could size down I wish I did. It‚Äôs good material breathable and thin. Nice bright colors.', '4.8'], ['', 'Ordered and xs and it‚Äôs very oversized already which is exactly what I wanted! Super cute and comfy, the material is a mix of normal tshirt material and workout material.', '4.8'], ['', 'Huge could fit 5 people in it', '4.8']]",163 Reviews,"Style: Casual
Color: Multicolor
Pattern Type: Tie Dye
Neckline: Round Neck
Length: Long
Sleeve Length: Half Sleeve
Sleeve Type: Drop Shoulder
Season: Summer
Composition: 95% Polyester, 5% Spandex
Material: Polyester
Fabric: Slight Stretch
Sheer: No
Fit Type: Oversized
Placket Type: Pullovers"
Mood Graphic Boxy Tee,SKU: swtee01190808738,US$9.00,NULL,https://img.ltwebstatic.com/images2_pi/2019/08/08/1565253866549829675_thumbnail_900x1199.webp,None,4653 Reviews,"[['', 'It fit just fine', 'None'], ['', 'I love this shirt. It‚Äôs so sassy haha. I get compliments on it all the time', 'None'], ['', 'Super cute! Not too bad quality. The shirt is comfy. It is longer than I thought since it appeared to be more of a crop top. Maybe because I have a small torso! But I‚Äôm glad because I don‚Äôt like crop tops! It is a little wide but I‚Äôm not complaining. I say it‚Äôs true to size because I didn‚Äôt want a crop top. I‚Äôm not sure if sizing down will help?', 'None']]",4653 Reviews,"A knit tee featuring front ‚ÄúThou Shall Not Try Me‚Äù and ‚ÄúMood 24:7‚Äù text graphics, a crew neck, short sleeves, and a boxy fit. Create an optional cropped hem by knotting the front. Pair this graphic T-shirt with distressed boyfriend jeans and checkered sneakers to complete this sassy yet casual look."
Dropped Shoulder Color Block Dip Hem Tee,SKU: RTSH170403104,US$10.00,NULL,https://img.ltwebstatic.com/images/pi/201706/79/14982047947964326941_thumbnail_900x.webp,None,3772 Reviews,"[['', 'One of my favorite shirts now!', 'None'], ['', 'LOVE IT!!! So cute and comfy. Normal tee shirt fabric. The slots on the side are super cute!!! Ordered a size up because I wanted it to be baggier and it fit me exactly the way I wanted', 'None'], ['', 'I wanted to love this top, but decided to return it. The sleeves are pretty tight, I think it‚Äôs a sewing error. And there is a big seem across the chest that is odd. I feel if it would have been a size or 2 larger I would have loved.', 'None']]",3772 Reviews,"Style: Casual
Color: Multicolor
Pattern Type: Colorblock
Neckline: Round Neck
Details: Pocket
Sleeve Length: Half Sleeve
Season: Summer
Composition: 100% Polyester
Fabric: Slight Stretch
Fit Type: Regular Fit"
Skull Print Rolled Sleeve Tee,SKU: swtee01191128344,US$10.00,NULL,https://img.ltwebstatic.com/images3_pi/2019/11/28/1574927340d97d340063e54b6a10b544e3b1381731_thumbnail_900x.webp,4.8,2170 Reviews,"[['', 'one of my favorite shirts by far. super soft and comfortable', '4.8'], ['', 'i was originally just going to go with a large so it‚Äôs be oversized but they were sold out so i went with XL, very happy i did because the shirt is not as long as expected. looks exactly like picture and i love it!', '4.8'], ['', 'soft material- i ordered big so its oversized and it‚Äôs super cute', '4.8']]",2170 Reviews,"Style: Casual
Color: Black
Pattern Type: Halloween
Neckline: Round Neck
Length: Regular
Sleeve Length: Short Sleeve
Sleeve Type: Roll Up Sleeve
Season: Summer
Composition: 97% Polyester, 3% Spandex
Material: Polyester
Fabric: Slight Stretch
Sheer: No
Fit Type: Regular Fit
Placket Type: Pullovers"
Letter Graphic Short Sleeve Tee,SKU: swtee03200520724,US$9.00,NULL,https://img.ltwebstatic.com/images3_pi/2020/05/20/15899538839ea4f28b81f3c571eb3d4452053e9b07_thumbnail_900x.webp,4.8,1441 Reviews,"[['', 'I bought this has a large hoping that it would be baggy. It actually is a lot smaller than expected I‚Äôm someone who loves really baggy shirts hence why I got it out large I‚Äôm usually in Australian size 10 to 12 sometimes of 14 in tops depending on how tight the shirt fits around my breast size. The shirt also came very see-through so keep that in mind when buying it so I suggest if you are around the same size as me in T-shirts and if you don‚Äôt like tight shirts definitely get something bigger than a large because it does come quite small the length from shoulder to my waist is okay it goes just under the hips but if you do you like baggy clothes get something a bit bigger. Happy shopping. :)', '4.8'], ['', 'Ok', '4.8'], ['', 'Happy with the purchase', '4.8']]",1441 Reviews,"Style: Casual
Color: Black
Pattern Type: Letter, Graphic
Neckline: Round Neck
Length: Regular
Sleeve Length: Short Sleeve
Sleeve Type: Regular Sleeve
Season: Summer
Composition: 100% Cotton
Material: Cotton
Fabric: Slight Stretch
Sheer: No
Fit Type: Regular Fit
Placket Type: Pullovers"
Euphoria Snake Graphic Tee,SKU: swtee00190925488,US$8.00,NULL,https://img.ltwebstatic.com/images3_pi/2019/09/25/156940167739e50a21756fb330094e68f58f5b7660_thumbnail_900x.webp,None,8583 Reviews,"[['', 'Love this shirt', 'None'], ['', 'Material is not cotton. Cute shirt. Size medium', 'None'], ['', 'This top was a little small I usually wear a small so I got a medium and I ended up cropping it because it fit weird!', 'None']]",8583 Reviews,"Make a statement with this knit tee featuring front ‚ÄúEuphoria‚Äù and ‚ÄúBetter Hurt Than Hardened‚Äù text with King Cobra snake and lightning graphics, a crew neck, dropped shoulders, and short sleeves. This edgy and comfortable T-shirt matches with anything. Pair with black biker shorts and sneakers to complete the look."
Drop Shoulder Letter & Car Print Longline Tee,SKU: swtee04200601163,US$13.00,NULL,https://img.ltwebstatic.com/images3_pi/2020/06/22/1592794240f89b84868119073f465b9fdd2fabd0cb_thumbnail_900x.webp,4.8,249 Reviews,"[['', 'doing a review on my tiktok when it gets here follow me @internxtprincess', '4.8'], ['', 'Runs big would recommend going down a size or 2. YOUTUBE: thereallindsss for my try on haul', '4.8'], ['', 'Good quality shirt , wouldn‚Äôt suggest sizing up or down if you like a regular fit :)', '4.8']]",249 Reviews,"Style: Casual
Color: White
Pattern Type: Letter, Graphic
Neckline: Round Neck
Length: Regular
Sleeve Length: Three Quarter Length Sleeve
Sleeve Type: Drop Shoulder
Season: Spring/Summer
Composition: 65% Cotton, 35% Polyester
Material: Cotton
Fabric: Slight Stretch
Sheer: No
Fit Type: Oversized
Placket Type: Pullovers"
Embroidered Mountain Graphic Cropped Tee,SKU: rtsh180319080,US$7.00,NULL,https://img.ltwebstatic.com/images/pi/201803/8d/15211866314658658465_thumbnail_900x.webp,None,9999+ Reviews,"[['', 'So soft and cute I love it!!! Was a bit shorter than expect but still love it!!', 'None'], ['', 'i love the color which is refresh my mood and the colth quality is very good', 'None'], ['', 'cute shirt! I am usually a small but I wanted it to be big so I got a medium. The medium fits normally so I‚Äôm glad I didn‚Äôt get a small. I would size up but it‚Äôs super cute and great color!', 'None']]",9999+ Reviews,"A knit tee featuring an embroidered mountain graphic complete with a cabin, moon, and stars detailing, a crew neck, dropped shoulders, short sleeves, and a cropped hem. This cute and comfortable tee can be worn in any season. Complete this look by wearing high-rise velvet skater skirt and aviator sunglasses."
V-neck Batwing Sleeve Slouchy Tee,SKU: swtee03200528201,US$10.00,NULL,https://img.ltwebstatic.com/images3_pi/2020/07/04/1593838373bfceef384a6e651faceaa013cd8f0b10_thumbnail_900x.webp,4.8,3846 Reviews,"[['', 'super soft, flowing luxurious fabric. Can be used as casual wear, as well as office and even evening attire! The versatility is astounding! Iam a size 12, and the Large size seems a tad big, yet I think its meant to be that way, Now I have large shoulders and chest, with a long torso, so it is a little short length wise. With all that in mind, anyone smaller than size 1o,12, go for the medium.', '4.8'], ['', 'The color on the model and the actual shirt are very different', '4.8'], ['', 'This is a cute, casual, basic piece that I think Ill wear a lot. Its a bit long to wear with shorts without tucking it in. Its soft and thin but not see-through. Just perfectly flowy and drapes nicely', '4.8']]",3846 Reviews,"Style: Casual
Color: Black
Pattern Type: Plain
Neckline: V neck
Length: Regular
Sleeve Length: Short Sleeve
Sleeve Type: Batwing Sleeve
Season: Summer
Composition: 95% Cotton, 5% Spandex
Material: Cotton
Fabric: Slight Stretch
Sheer: No
Fit Type: Oversized
Placket Type: Pullovers"
Leopard Print Drop Shoulder Tee,SKU: swtee03200506662,US$13.00,NULL,https://img.ltwebstatic.com/images3_pi/2020/05/24/15903346718933723c06b11176509b0a094e5a17ee_thumbnail_900x.webp,4.7,773 Reviews,"[['', 'love this shirt, the material is amazing! I am 5‚Äô2, i weigh about 135lbs, and my bra size is 34D. i ordered a medium and it fits right under my belly button so it is perfectly cropped!', '4.7'], ['', 'I am IN LOVE with this shirt , very surprised on how great the quality is .', '4.7'], ['', 'Really big', '4.7']]",773 Reviews,"Style: Casual
Color: Grey
Pattern Type: Leopard
Neckline: Round Neck
Length: Regular
Sleeve Length: Short Sleeve
Sleeve Type: Drop Shoulder
Season: Summer
Composition: 15% Cotton, 85% Polyester
Material: Polyester
Fabric: Slight Stretch
Sheer: No
Fit Type: Regular Fit
Placket Type: Pullovers"
Tropical Palm Graphic Tee,SKU: swtee03190605982,US$9.00,NULL,https://img.ltwebstatic.com/images2_pi/2019/06/05/15597201004096304705_thumbnail_900x1199.webp,None,2520 Reviews,"[['', 'So cute!', 'None'], ['', 'love this shirt! I had gotten complements the first time I wore it out. Good material and mine isnt see through or thin like Ive read on other reviews. mine is actually a thick material t-shirt. I bought a large and its true to size!', 'None'], ['', 'This shirt is so fun! It‚Äôs bright and definitely a summer shirt! I got a medium, it‚Äôs light and airy and looks great with a pair of jeans! Get ittt!', 'None']]",2520 Reviews,"A knit tee featuring a front graphic of a tropical beach landscape including palm trees and sailboats, a crew neck, dropped shoulders, and short sleeves. This cute yet casual tee would be great to wear in the summer! Pair the T-shirt with a white mini skirt and flip-flops to create a chic beach day look."
Letter Graphic Crop Tee,SKU: rtsh180308175,US$9.00,NULL,https://img.ltwebstatic.com/images/pi/201803/47/15204014599824984612_thumbnail_900x.webp,None,8939 Reviews,"[['', 'Love love love this shirt but if you don‚Äôt like a good crop, it‚Äôs not gonna be for you.', 'None'], ['', 'super cute shirt. I‚Äôm usually a small but I got the medium so it would be a little more baggy. if you want it to be a crop top and a little tight I would get your normal size but if you wanted it to be a looser T-shirt get a size up! Overall color is really pretty, nice quality! cute shirt!', 'None'], ['', 'Love this shirt!', 'None']]",8939 Reviews,"Style: Casual
Color: Grey
Pattern Type: Letter
Neckline: Round Neck
Length: Crop
Sleeve Length: Short Sleeve
Season: Summer
Composition: 95% Cotton, 5% Polyester
Material: Cotton
Fabric: Slight Stretch
Sheer: No
Fit Type: Regular Fit"
SHEIN Night Racing Car Graphic Tee,SKU: swtee07200116194,US$9.00,NULL,https://img.ltwebstatic.com/images3_pi/2020/07/18/1595046872c221b193163b8f615079851bd19d3c16_thumbnail_900x.webp,4.9,3165 Reviews,"[['', 'Exactly as pictured. Love it!', '4.9'], ['', 'Fits very well. Good quality and super soft. If you want to see a more In depth review check out my YouTube @thenanashown', '4.9'], ['', 'Super cute I order L so it was oversized and it worked! (I‚Äôm usually S)', '4.9']]",3165 Reviews,"A knit tee featuring front racer car and checkered flag graphics with ‚ÄúNight‚Äù text, a crew neck, and dropped long sleeves. If you want, make an optional crop top by knotting the hem. Complete the look by pairing the graphic tee with a plaid mini skirt and sneakers."
SHEIN Racer Car Graphic Dropped Shoulder Oversized Tee,SKU: swtee07200522304,US$10.00,NULL,https://img.ltwebstatic.com/images3_pi/2020/06/08/1591582275cced028ab561fbdb0d38ad8045c70e89_thumbnail_900x.webp,4.7,358 Reviews,"[['', 'Material is cheap', '4.7'], ['', 'Cute I suggest get a small if you are normally a large or medium cuz it is very oversized and also the words are backwords', '4.7'], ['', 'size down , super big', '4.7']]",358 Reviews,"Make a statement in this knit oversized tee featuring a front racer car graphic with accompanying texts, a crew neck, dropped shoulders, short sleeves, and a longline hem. Complete the look with fishnets tights and combat boots."
Car & Letter Graphic Colorblock Tee,SKU: swtee01200514193,US$12.00,NULL,https://img.ltwebstatic.com/images3_pi/2020/05/14/1589439536009c61d9ba57117d9b9c287f7ab71da7_thumbnail_900x.webp,4.9,150 Reviews,"[['', 'Soft soft soft and really very nice material highly recommended üòç', '4.9'], ['', 'Size up if you want a oversized t shirt because I got a small and it was normal', '4.9'], ['', 'Great fit and the perfect causal everyday graphic tee. Can be dressed up and dressed down.', '4.9']]",150 Reviews,"Style: Casual
Color: Multicolor
Pattern Type: Letter, Graphic
Neckline: Round Neck
Length: Regular
Sleeve Length: Short Sleeve
Sleeve Type: Regular Sleeve
Season: Summer
Composition: 65% Cotton, 35% Polyester
Material: Cotton
Fabric: Slight Stretch
Sheer: No
Fit Type: Regular Fit
Placket Type: Pullovers"
Sun & Butterfly Print Longline Tee,SKU: swtee04200619572,US$12.00,NULL,https://img.ltwebstatic.com/images3_pi/2020/06/22/15927926515fd0a135069251cd24e59734aaa1a0e4_thumbnail_900x.webp,4.8,NEW,"[['', 'super cute!!', '4.8'], ['', 'soo definitely a cute, simple shirt BUT it runs real big ... I‚Äôm a true M and I ordered an XS and the shirt is still way oversized, still a cute oversized tho. But if I ordered any bigger it probably would have been too baggy :/ just a warning. Not see through at all !', '4.8'], ['', 'LOVE this shirt. Its a bit big although I did order a small but still super cute! Material is so soft and the print on it is also really nice. When I do purchase oversized tees next time though, Ill make sure to get an XS . (P.S., I got these bc I was also getting the slant pocket button fly cargo pants in the color pink, and they both go really well together. Just thought I should put that out there hehe).', '4.8']]",NEW,"Style: Casual
Color: Black
Pattern Type: Floral, Animal
Neckline: Round Neck
Length: Long
Sleeve Length: Half Sleeve
Sleeve Type: Drop Shoulder
Season: Summer
Composition: 95% Polyester, 5% Spandex
Material: Polyester
Fabric: High Stretch
Sheer: No
Fit Type: Oversized
Placket Type: Pullovers"
Sunflower Print Round Neck Tee,SKU: swtee03200312553,US$9.00,NULL,https://img.ltwebstatic.com/images3_pi/2020/03/17/1584415625a3691efd3fbb6767341cb668647ce531_thumbnail_900x.webp,4.7,3702 Reviews,"[['', 'cute, with white shorts and sandals, its a junior XXL and fits like a Large in women.', '4.7'], ['', 'It fit me a little too tight but its okay. Material feels cheap though. Its cute but i will size up next time and order different colors. ( Jean shorts are from SHEIN too / Button fly denim skinny shorts ) Im a small in shirts and pants , im 51 & weight 130 & size 5 in pants informaci√≥n for size help.', '4.7'], ['', 'Pretty', '4.7']]",3702 Reviews,"Style: Casual
Color: Black
Pattern Type: Floral
Neckline: Round Neck
Length: Regular
Sleeve Length: Short Sleeve
Sleeve Type: Regular Sleeve
Season: Summer
Composition: 100% Cotton
Material: Cotton
Fabric: Slight Stretch
Sheer: No
Fit Type: Regular Fit
Placket Type: Pullovers"
SHEIN Letter and Angel Print Raglan Sleeve Tee,SKU: swtee07200605051,US$6.00,NULL,https://img.ltwebstatic.com/images3_pi/2020/06/30/15935031566d48aa7f1b2babb1d6edb368a3170a12_thumbnail_900x.webp,None,2403 Reviews,"[['', 'Really cute! Not see through. Dupe of Bella Heaven Sent from Brandy, but it‚Äôs purple. Really comfy and soft too, ITS AMAZINGG :)', 'None'], ['', 'this shirt is amazing its the perfect brandy Melville dupe. the only difference is that its smooth and not ripped', 'None'], ['', 'perfectly true to size, so incredibly soft and fitting! if you are thinking of getting this hear me out... GET IT you will love it:)', 'None']]",2403 Reviews,"Style: Casual
Color: White
Pattern Type: Figure, Colorblock
Neckline: Round Neck
Length: Crop
Sleeve Length: Short Sleeve
Sleeve Type: Raglan Sleeve
Season: Summer
Composition: 95% Cotton, 5% Spandex
Material: Cotton
Fabric: Slight Stretch
Sheer: No
Fit Type: Slim Fit
Placket Type: Pullovers"
Car And Letter Graphic Oversized Tee,SKU: swtee23200615294,US$15.00,NULL,https://img.ltwebstatic.com/images3_pi/2020/06/15/15922170155479c9b9abf71640e6220849c108a0d6_thumbnail_900x.webp,4.8,NEW,"[['', 'VERY cute and small fit me as a normal tee. Sleeves are also large and long.', '4.8'], ['', 'SO NICE I REALLY RECOMMEND LITERALLY OBSESSED !!!', '4.8'], ['', 'Very cute, if you want oversized look I suggest sizing up', '4.8']]",NEW,"Style: Casual
Color: Black
Pattern Type: Letter, Graphic
Neckline: Round Neck
Length: Long
Sleeve Length: Half Sleeve
Sleeve Type: Drop Shoulder
Season: Summer
Composition: 100% Cotton
Material: Cotton
Fabric: Slight Stretch
Sheer: No
Fit Type: Oversized
Placket Type: Pullovers"
SHEIN Letter and Graphic Print Rib-knit Crop Tee,SKU: swtee07200423143,US$6.00,NULL,https://img.ltwebstatic.com/images3_pi/2020/04/29/15881254710f661d57f5d41f30429804d6733d2322_thumbnail_900x.webp,None,1579 Reviews,"[['', 'Love', 'None'], ['', 'It‚Äôs true to size mainly because it‚Äôs going to be cropped no matter what but yea it cute good material amosc@itz_miya13 if u have questions üôÇ', 'None'], ['', 'cant really see the enjoy but i guess thats gods fault', 'None']]",1579 Reviews,"Style: Casual
Color: White
Pattern Type: Letter, Graphic
Neckline: Round Neck
Length: Crop
Details: Rib-Knit
Sleeve Length: Cap Sleeve
Sleeve Type: Regular Sleeve
Season: Summer
Composition: 95% Cotton, 5% Spandex
Material: Cotton
Fabric: Slight Stretch
Sheer: No
Fit Type: Slim Fit
Placket Type: Pullovers"
SHEIN Graphic Print Drop Shoulder Splash Tee,SKU: swtee07200507662,US$12.00,NULL,https://img.ltwebstatic.com/images3_pi/2020/05/15/158952461805027cacc64cac2723f2276553693809_thumbnail_900x.webp,4.8,861 Reviews,"[['', 'I recommend sizing up. I‚Äôm usually a M but I got a L in this shirt so it comes just below the bootay üçë. It would still be oversized if you don‚Äôt size up but it would be the nice kinds of oversized that we all strive for. Well atleast what i strive for. lol tf am i saying. Anyways it‚Äôs really good and the design and bleach isn‚Äôt printed on it‚Äôs actually a part of the shirt which i love. Kinda see through when you‚Äôre not wearing it but when you put it on it‚Äôs not see through anymore so that‚Äôs good. It has a silky feel which is nice on the skin and better than cotton in my opinion. I‚Äôm really happy it‚Äôs my favourite shirt. My mum hates the skull on it tho lol üòÜ . Perfect with biker shorts. ps Ignore the measurements below I just put in random stuff lol', '4.8'], ['', 'super cute not see through', '4.8'], ['', 'Go down a size but great look', '4.8']]",861 Reviews,"Style: Casual
Color: Multicolor
Pattern Type: Letter, Halloween
Neckline: Round Neck
Length: Long
Sleeve Length: Half Sleeve
Sleeve Type: Drop Shoulder
Season: Spring/Summer
Composition: 95% Polyester, 5% Spandex
Material: Polyester
Fabric: Non-stretch
Sheer: No
Fit Type: Oversized
Placket Type: Pullovers"
Colorful Letter Graphic Drop Shoulder Longline Oversized Tee,SKU: swtee04200528710,US$10.00,NULL,https://img.ltwebstatic.com/images3_pi/2020/06/03/1591150839a86b4bfe17034535116ca129668961df_thumbnail_900x.webp,4.8,183 Reviews,"[['', 'Even as an XS its hugeee, but love it either way.', '4.8'], ['', 'The L looks like a XL but it‚Äôs cute', '4.8'], ['', 'Nice but too wide', '4.8']]",183 Reviews,"Style: Casual
Color: White
Pattern Type: Letter
Neckline: Round Neck
Length: Long
Sleeve Length: Half Sleeve
Sleeve Type: Drop Shoulder
Season: Spring/Summer
Composition: 95% Polyester, 5% Spandex
Material: Polyester
Fabric: Slight Stretch
Sheer: No
Fit Type: Oversized
Placket Type: Pullovers"
SHEIN Graphic Print Drop Shoulder Top,SKU: swtee07200417277,US$10.00,NULL,https://img.ltwebstatic.com/images3_pi/2020/04/17/1587124148e4d9df7a7a76fcb4a314bea7287f4b36_thumbnail_900x.webp,4.8,886 Reviews,"[['', 'LOVE THE TSHIRT !!! material not bad too', '4.8'], ['', 'She‚Äôs cute. Not see through. And would look cute with biker shorts.', '4.8'], ['', 'sized up as I wanted it oversized and it was wayyyy oversized could have gone with my normal size', '4.8']]",886 Reviews,"Style: Casual
Color: Black
Pattern Type: Graphic
Neckline: Round Neck
Length: Regular
Sleeve Length: Short Sleeve
Sleeve Type: Drop Shoulder
Season: Summer
Composition: 95% Polyester, 5% Spandex
Material: Polyester
Fabric: Slight Stretch
Sheer: No
Fit Type: Oversized
Placket Type: Pullovers"
Drop Shoulder Letter Graphic Longline Tee,SKU: swtee04200317633,US$9.00,NULL,https://img.ltwebstatic.com/images3_pi/2020/04/20/15873495924c9057dbeaba427e5140b3f138cb775a_thumbnail_900x.webp,4.8,2189 Reviews,"[['', 'This shirt reminds me of tyler the creator lol it‚Äôs so cute. It is kinda see through but i can work around it', '4.8'], ['', 'Slightly see through but I love it! Going to match it my Jordan Retro 13 Playgrounds', '4.8'], ['', 'So cute! Also ignore the pic and measurements, I need points lol', '4.8']]",2189 Reviews,"Style: Casual
Color: White
Pattern Type: Letter
Neckline: Round Neck
Length: Regular
Sleeve Length: Short Sleeve
Sleeve Type: Drop Shoulder
Season: Summer
Composition: 100% Polyester
Material: Polyester
Fabric: Slight Stretch
Sheer: No
Fit Type: Regular Fit
Placket Type: Pullovers"
24 Never Forget Graphic Tee,SKU: swtee03200305299,US$9.00,NULL,https://img.ltwebstatic.com/images3_pi/2020/03/05/1583390877b02382d8f1573a8f14a3969f2c5efe52_thumbnail_900x.webp,4.8,3843 Reviews,"[['', 'Got a size M and I have a bigger bust but I am fairly skinny, it fits good but they run small so size up one for a perfect fit. I LOVE!', '4.8'], ['', 'When I got my package my letters were peeling I‚Äôm very disappointed', '4.8'], ['', 'Perfect! RIP Kobe', '4.8']]",3843 Reviews,"Create the ideal athleisure look with this cotton knit tee featuring front ‚Äú24‚Äù and ‚ÄúNever Forget‚Äù graphics, a crew neck, dropped shoulders, and short sleeves. This jersey inspired tee would look great with a pair of heathered knit joggers and white sneakers."
Tie Dye Butterfly Embroidery Crop Tee,SKU: swtee03200504790,US$8.00,NULL,https://img.ltwebstatic.com/images3_pi/2020/05/08/15889045900362baa1fbb026cf8f866598c80d5b41_thumbnail_900x.webp,4.8,2850 Reviews,"[['', 'Did not think it was cropped but soft and great colors the butterfly is cute', '4.8'], ['', 'ÿ≠ÿ®Ÿäÿ™Ÿá ŸÖÿ±ÿ© ŸàŸäŸÜÿßÿ≥ÿ® ÿßŸÑÿµŸäŸÅ üíó ŸàŸÑŸàŸÜŸá ÿßÿ≠ŸÑŸâ ŸÖŸÜ ÿßŸÑÿµŸàÿ±ÿ© ÿßŸÑŸä ÿµŸàÿ±ÿ™Ÿáÿß ŸÖÿπ ÿ™ÿµŸàŸäÿ± ÿßŸÑÿ¨ŸàÿßŸÑ ŸÖÿß Ÿäÿ®ŸÜ ŸÑŸàŸÜŸá ÿ®ÿßŸÑÿ≠ŸÇŸäŸÇÿ© Ÿàÿ™ÿµŸàŸäÿ± ÿßŸÑÿ¨ŸàÿßŸÑ ŸäÿÆŸÑŸäŸá ŸÖÿ®ŸäŸÜ ŸÅÿßÿ™ÿ≠ ŸÖÿ±ÿ© ÿå ÿßŸÜÿµÿ≠ŸÉŸÖ ÿ™ÿ∑ŸÑÿ®ŸàŸÜŸá', '4.8'], ['', 'little more cropped than i expected but still super cute and soft', '4.8']]",2850 Reviews,"Style: Casual
Color: Pink
Pattern Type: Animal, Tie Dye
Neckline: Round Neck
Length: Crop
Details: Embroidery
Sleeve Length: Short Sleeve
Sleeve Type: Regular Sleeve
Season: Summer
Composition: 65% Cotton, 35% Polyester
Material: Cotton
Fabric: Slight Stretch
Sheer: No
Fit Type: Regular Fit
Placket Type: Pullovers"
Graphic Print Drop Shoulder Tee,SKU: swtee03200424230,US$11.00,NULL,https://img.ltwebstatic.com/images3_pi/2020/04/30/1588213824356bc31d885d0c00f151b052a51f52e3_thumbnail_900x.webp,4.8,1709 Reviews,"[['', 'don‚Äôt size up it‚Äôs already oversized enough! love it', '4.8'], ['', 'Soooo pretty and big like I wanted', '4.8'], ['', '5‚Äô5 and got this in a large. Absolutely love it, so soft and comfy. 10/10 would recommend.', '4.8']]",1709 Reviews,"Style: Casual
Color: Black
Pattern Type: Graphic
Neckline: Round Neck
Length: Regular
Sleeve Length: Half Sleeve
Sleeve Type: Drop Shoulder
Season: Summer
Composition: 35% Cotton, 65% Polyester
Material: Polyester
Fabric: Slight Stretch
Sheer: No
Fit Type: Oversized
Placket Type: Pullovers"
Color Block Letter Graphic Longline Tee,SKU: swtee04200521688,US$13.00,NULL,https://img.ltwebstatic.com/images3_pi/2020/06/16/15923063015db4e934a3949b956a10883d54ce3a16_thumbnail_900x.webp,4.9,174 Reviews,"[['', 'This top is really pretty, however not sure what it says... hopefully nothing offensive.', '4.9'], ['', 'I got xs and it‚Äôs very oversized get the regular size you are or you can even downsize', '4.9'], ['', 'Cute', '4.9']]",174 Reviews,"Style: Casual
Color: Multicolor
Pattern Type: Letter, Colorblock
Neckline: Round Neck
Length: Long
Sleeve Length: Half Sleeve
Sleeve Type: Drop Shoulder
Season: Spring/Summer
Composition: 95% Polyester, 5% Spandex
Material: Polyester
Fabric: Slight Stretch
Sheer: No
Fit Type: Oversized
Placket Type: Pullovers"
Mountain & Slogan Graphic Tee,SKU: swtee03200428932,US$12.00,NULL,https://img.ltwebstatic.com/images3_pi/2020/05/15/158951675104c4ee8ae44dd33c0377e37a2978db68_thumbnail_900x.webp,4.9,1245 Reviews,"[['', 'Not sure if its suppose to fit looser or not? I usually wear a medium but ordered a small after falling the size chart for this item. It still fits a bit looser than I expected but that may be the way its meant to fit. If you want it to fit more snugly, order a size down. I dont mind my shirts fitting a bit loser though! And the design is super cute. The color doesnt show as well in my photo but it looks just like the listings image! Very happy with this. The material is what youd expect when think of a typical tshirt.', '4.9'], ['', 'Cute', '4.9'], ['', 'Great. Longer tee.', '4.9']]",1245 Reviews,"Style: Casual
Color: Grey
Pattern Type: Graphic, Slogan
Neckline: Round Neck
Length: Regular
Sleeve Length: Short Sleeve
Sleeve Type: Regular Sleeve
Season: Summer
Composition: 65% Cotton, 35% Polyester
Material: Cotton
Fabric: Slight Stretch
Sheer: No
Fit Type: Regular Fit
Placket Type: Pullovers"
SHEIN Men Graphic Print Colorblock Tee,SKU: smtop07200528770,US$12.00,NULL,https://img.ltwebstatic.com/images3_pi/2020/06/17/1592360342fb1e5d8798c0fec81dee2f396e5df11e_thumbnail_900x.webp,4.9,83 Reviews,"[['', 'super cute! my boyfriend is a big fan, been trying to get him to expand his clothing and he loves this shirt!', '4.9'], ['', 'I ordered a large cause I wanted the loose feeling and it‚Äôs perfect', '4.9'], ['', 'I ordered one for me and my man and he loves it', '4.9']]",83 Reviews,"Style: Street
Color: Black and White
Pattern Type: Letter, Animal
Neckline: Round Neck
Length: Regular
Sleeve Length: Short Sleeve
Sleeve Type: Drop Shoulder
Season: Summer
Composition: 95% Polyester, 5% Spandex
Material: Polyester
Fabric: Slight Stretch
Sheer: No
Fit Type: Regular Fit
Placket Type: Pullovers"
Become the Change Butterfly Graphic Longline Tee,SKU: swtee04200520803,US$11.00,NULL,https://img.ltwebstatic.com/images3_pi/2020/06/08/15916009162dbcf1581dab2ca7fd8bea4039fa0d0e_thumbnail_900x.webp,None,2713 Reviews,"[['', 'Love ittttt, with cycling shorts and belt its sooo hot', 'None'], ['', 'cute design but way too oversized', 'None'], ['', 'Super cute oversized tee, super comfy but slightly see through.', 'None']]",2713 Reviews,"A slub knit longline tee featuring a front butterfly graphic with ‚ÄúBecome the Change‚Äù text, a crew neck, dropped shoulders, and short sleeves. Pair this oversized T-shirt with checkered print biker shorts, a fanny pack, and sneakers to complete the edgy, athleisure look."
SHEIN Colorblock Twist-Front Short Sleeve Tee,SKU: swtee07190614171,US$8.00,NULL,https://img.ltwebstatic.com/images2_pi/2019/07/10/1562746572230304985_thumbnail_900x1199.png,5.0,9999+ Reviews,"[['', 'Size small and it fits great.', '5.0'], ['', 'A little bit baggy, but very pretty shirt. The knot makes the shirt awkward from a side angle and I look 9 months pregnant ngl but overall, good. Not 100% see through but the pink part is sort of if you look real close.', '5.0'], ['', 'very soft and would definitely recommend getting this shirt', '5.0']]",9999+ Reviews,"A knit tee featuring a colorblock design, crew neck, short sleeves, and an asymmetrical twist-front hem. Complete the look by pairing this T-shirt with black leggings and a navy green jacket."
Drop Shoulder Letter Graphic Tie Dye Tee,SKU: swtee04200710218,US$15.00,NULL,https://img.ltwebstatic.com/images3_pi/2020/07/30/159607473805f445908fd79dd7b6fe695fb50cc93b_thumbnail_900x.webp,4.8,NEW,"[['', 'I was going for more of a street wear fashion type look, so this is exactly what I wanted:)', '4.8'], ['', 'This tee is definitely oversized to the point where you can size down. I went with an XS (usually a S) and I‚Äôm glad I did because it still looks oversized.', '4.8'], ['', 'My new favorite shirt I‚Äôm 210 and 5.7 got a large', '4.8']]",NEW,"Style: Casual
Color: Multicolor
Pattern Type: Letter, Tie Dye
Neckline: Round Neck
Length: Long
Sleeve Length: Half Sleeve
Sleeve Type: Drop Shoulder
Season: Spring/Summer
Composition: 95% Cotton, 5% Polyester
Material: Cotton
Fabric: Slight Stretch
Sheer: No
Fit Type: Oversized
Placket Type: Pullovers"
Solid Rolled Short Sleeve Tee,SKU: RTSH170309118,US$7.00,NULL,https://img.shein.com/images/shein.com/201704/49/14916170983385689530_thumbnail_900x1199.webp,None,9999+ Reviews,"[['', 'Great basic white tee! I got a M because I wanted a looser comfortable fit. The material feels soft and it‚Äôs not see-through. This is perfect for the summer! You can wear it just as it is, you can tuck it into shorts or jeans, or you can also tie it into a knot in the front. All cute basic outfit ideas!', 'None'], ['', 'The fit is good and the material is nice and soft and stretchy. My breasts are a little big and the shirt was tight around my chest area. Other than that I like.', 'None'], ['', 'i am aware that i look like someone‚Äôs aunt :( i ordered a large so i could tuck it in easier [i couldn‚Äôt :( i think it would‚Äôve been the same even if i ordered a medium] also whoever said it wasn‚Äôt see through is a phat liar i suggest you wear a black or nude bra bc i tried to wear pink and then a different white one and holy heck you could see them both clearly', 'None']]",9999+ Reviews,"Get back to the basics with this knit tee featuring a scoop neck, short sleeves with rolled cuffs, and dropped shoulders. What‚Äôs great about this cute yet comfortable tee is it‚Äôs seasonless appeal. Pair with joggers and white sneakers to create a stylish, athleisure look."
SHEIN Drop Shoulder Figure Graphic Longline Tee,SKU: swtee07200610596,US$12.00,NULL,https://img.ltwebstatic.com/images3_pi/2020/06/29/159339684650655be9af3c0b7db4d3f922165d927b_thumbnail_900x.webp,None,4412 Reviews,"[['', 'Even my Grandma loved it. Go a size down it‚Äôs really big usually i‚Äôm a large but i got a medium and it‚Äôs still oversized!', 'None'], ['', 'This shirt needs to go on your Must Have List! It is cute and comfy. You can style it many ways! I cant wait to wear it out!', 'None'], ['', 'Love this top! It is very oversized but pairing with biker shorts was my idea so it works perfect! The material is more athletic than you would think but it‚Äôs really nice! I am 5‚Äô4 and 130lbs.', 'None']]",4412 Reviews,"Style: Casual
Color: Dusty Pink
Pattern Type: Figure
Neckline: Round Neck
Length: Long
Sleeve Length: Three Quarter Length Sleeve
Sleeve Type: Drop Shoulder
Season: Spring/Summer
Composition: 95% Cotton, 5% Spandex
Material: Cotton
Fabric: Slight Stretch
Sheer: No
Fit Type: Oversized
Placket Type: Pullovers"
Figure & Slogan Oversized Tee,SKU: swtee00200515849,US$13.00,NULL,https://img.ltwebstatic.com/images3_pi/2020/05/28/15906472737cec502de5382a57d7690bb8e0ec0c61_thumbnail_900x.webp,None,1658 Reviews,"[['', 'I WILL BE DOING A VIDEO ON THE CLOTHES I BROUGHT FEOM SHIEN!!!! ü¶ãITS AN ORIGINAL IDEAü¶ã I‚Äôm doing ‚Äòomighty dupes‚Äô so please check me out and subscribe if you enjoy my content!! ü•≥üßöüèΩ\u200d‚ôÄÔ∏èüéâüíì @ marah fitzgerald on YouTube x (ignore the weight and stuff I‚Äôll explain in my video my sizes and stuff)', 'None'], ['', 'It‚Äôs really cute but it‚Äôs really thin and the picture isn‚Äôt that vibrant', 'None'], ['', 'Is true to size if the oversized fit is what you are looking for shame there isn‚Äôt an XS to make it a ‚Äònormal fitting‚Äô tee for people who are already a S but it still fits really nice. Good quality and nice print. I‚Äôm 4‚Äô10 and size 34DD (UK Bra sizing) and S has plenty of room also quite long.', 'None']]",1658 Reviews,"Style: Casual
Color: Black
Pattern Type: Figure, Slogan
Neckline: Round Neck
Length: Long
Sleeve Length: Half Sleeve
Sleeve Type: Drop Shoulder
Season: Summer
Composition: 65% Cotton, 35% Polyester
Material: Cotton
Fabric: Slight Stretch
Sheer: No
Fit Type: Oversized
Placket Type: Pullovers"
Half Popper Rib-knit Tee,SKU: swtee23200708467,US$8.00,NULL,https://img.ltwebstatic.com/images3_pi/2020/07/13/1594627934bd93974fc68774d7c319a58ef4bb0e82_thumbnail_900x.webp,4.6,NEW,"[['', 'Just order a size up or if you got a muffin top im saving y‚Äôall the money cause sis I was looking like the pilsberry dough boy üò≠üò≠üò≠', '4.6'], ['', 'It‚Äôs cropped so I got a medium I would of gotten a large Bc it‚Äôs cropped but super cute üíñ', '4.6'], ['', 'reminds me of brandy', '4.6']]",NEW,"Style: Casual
Color: Green
Pattern Type: Plain
Neckline: Round Neck
Length: Crop
Details: Rib-Knit
Sleeve Length: Short Sleeve
Sleeve Type: Regular Sleeve
Season: Summer
Composition: 100% Cotton
Material: Cotton
Fabric: Slight Stretch
Sheer: No
Fit Type: Slim Fit
Placket Type: Half Placket"
Letter And Car Graphic Tee,SKU: swtee03200512470,US$10.00,NULL,https://img.ltwebstatic.com/images3_pi/2020/05/12/15892722565c34166bdebf3a7a86d0cd920785f4c8_thumbnail_900x.webp,4.8,247 Reviews,"[['', 'Very cute just like picture, I ordered a size large to fit oversized and it fits like medium recommend ordering 2 sizes up if you want the oversized look.', '4.8'], ['', 'Keep in mind that this shirt isn‚Äôt oversized, so if you want an oversized fit size up!! The graphic is amazing and the material is really soft. I usually get a medium but I got an XL because I wanted an oversized fit and I read the shirt was regular size. However, the shirt fits like a long. For reference, I‚Äôm 5‚Äô4 and the shirt rests right at the top of my hips. It‚Äôs a great shirt though and it‚Äôs good quality!', '4.8'], ['', 'got this shirt to match my new jordans goes with it perfect & fits nice', '4.8']]",247 Reviews,"Style: Casual
Color: Black
Pattern Type: Letter, Graphic
Neckline: Round Neck
Length: Regular
Sleeve Length: Short Sleeve
Sleeve Type: Regular Sleeve
Season: Summer
Composition: 97% Polyester, 3% Spandex
Material: Polyester
Fabric: Slight Stretch
Sheer: No
Fit Type: Regular Fit
Placket Type: Pullovers"
Lightning Print Oversized Tee,SKU: swtee04200402549,US$7.00,NULL,https://img.ltwebstatic.com/images3_pi/2020/04/20/15873492498dfdb7b3fa29ec67c8824283fbd8499f_thumbnail_900x.webp,4.8,1484 Reviews,"[['', 'SIZE DOWN!!!!!!! i got a small & fit me great, if you want it extremely oversized then you can just get your normal size, but this small feels like a large// go checkout my tiktok lol @skylerrosser for the video', '4.8'], ['', 'It‚Äôs has a different material than u think. For the rest everything is perfect', '4.8'], ['', 'super cute and nice material this is a small and it fits my dad üòÇ', '4.8']]",1484 Reviews,"Style: Casual
Color: White
Pattern Type: Geometric
Neckline: Round Neck
Length: Long
Sleeve Length: Short Sleeve
Sleeve Type: Drop Shoulder
Season: Summer
Composition: 100% Polyester
Material: Polyester
Fabric: Slight Stretch
Sheer: No
Fit Type: Oversized
Placket Type: Pullovers"
Letter Graphic Oversized Tee,SKU: swtee03200303602,US$13.00,NULL,https://img.ltwebstatic.com/images3_pi/2020/03/03/1583222870423a08fbba41daa64b6497a1b9dca1d0_thumbnail_900x.webp,None,4138 Reviews,"[['', 'it‚Äôs an oversized tee so DEFINITELY size down I would have been good w/ an XS but it‚Äôs super cute', 'None'], ['', 'This definitely was oversized! It had a thin material (not see through) and the graphic is paper feeling. I still love and recommend this!', 'None'], ['', 'Just like the picture and good materialistic , but the logo isn‚Äôt centered on mine. Also don‚Äôt dry, even on delicate, because it will shrink.', 'None']]",4138 Reviews,"Style: Casual
Color: Grey
Pattern Type: Letter
Neckline: Round Neck
Length: Long
Sleeve Length: Short Sleeve
Sleeve Type: Regular Sleeve
Season: Summer
Composition: 100% Cotton
Material: Cotton
Fabric: Slight Stretch
Sheer: No
Fit Type: Oversized
Placket Type: Pullovers"
Round Neck Solid Tee,SKU: swtee00200106641,US$9.00,NULL,https://img.ltwebstatic.com/images3_pi/2020/01/06/157830980509ab7835a8325cd0c34817e366ea6ffc_thumbnail_900x.webp,None,1463 Reviews,"[['', 'Awesome cropped tee! I want more! Sizing is perfect for me. Very comfortable. Its not loose fitting as it might appear in the model photo. I want more colours of this shirt.', 'None'], ['', 'Would size up if your looking for a loose fit', 'None'], ['', 'The shirt is very cropped but it is still really good! It fits me super well.', 'None']]",1463 Reviews,"Style: Basics
Color: Black
Pattern Type: Plain
Neckline: Round Neck
Length: Regular
Sleeve Length: Short Sleeve
Sleeve Type: Regular Sleeve
Season: Summer
Composition: 65% Cotton, 35% Polyester
Material: Cotton
Fabric: Slight Stretch
Sheer: No
Fit Type: Regular Fit
Placket Type: Pullovers
Lining: No"
SHEIN Round Neck Graphic Print Tee,SKU: swtee07200421936,US$8.00,NULL,https://img.ltwebstatic.com/images3_pi/2020/04/21/15874742543409136e802c78fd1bacce4ff1b991e6_thumbnail_900x.webp,4.9,2096 Reviews,"[['', 'I‚Äôm just trying to get my pointsüòÇ... but umm it‚Äôs cute!', '4.9'], ['', 'TRUE REVIEW: THIS SHIRT IS A 10/10 RECOMMEND. IT IS exactly like the picture and the texture is EXTREMELY SOFT. The picture is literally perfect and clear and it‚Äôs amazing.', '4.9'], ['', 'AMAZING. This tee is perfect if you want cute cheap streetwear that is still fashionable. Got a L to get that nice oversized look. In love. Message me on IG for more info @annefignole', '4.9']]",2096 Reviews,"Style: Casual
Color: White
Pattern Type: Graphic, Slogan
Neckline: Round Neck
Length: Regular
Sleeve Length: Short Sleeve
Sleeve Type: Regular Sleeve
Season: Summer
Composition: 95% Polyester, 5% Spandex
Material: Polyester
Fabric: Non-stretch
Sheer: No
Fit Type: Regular Fit
Placket Type: Pullovers"
California Dreams Graphic Tee,SKU: swtee00190613911,US$9.00,NULL,https://img.ltwebstatic.com/images2_pi/2019/07/01/1561969633939658050_thumbnail_900x1199.webp,None,5330 Reviews,"[['', 'Very comfy, weird nice material :)', 'None'], ['', 'New fav T-shirt', 'None'], ['', 'so comfy and cute to go out or to be comfy in', 'None']]",5330 Reviews,"A knit T-shirt dress featuring front car and palm trees graphics with ‚ÄúCalifornia Dreams‚Äù text, a crew neck, dropped shoulders, and short sleeves. This casual yet cute T-shirt can be dressed up or down. Complete the look by pairing this tee with fishnet tights, jean shorts, white booties, and a fedora hat."
Butterfly And Letter Graphic Oversized Tee,SKU: swtee02200302272,US$17.00,NULL,https://img.ltwebstatic.com/images3_pi/2020/03/06/15834628473c8ec9ede5f7b9a755715de3fb27818c_thumbnail_900x.webp,None,9999+ Reviews,"[['', 'super cute! it‚Äôs very oversized like it‚Äôs named so size down if you don‚Äôt want it super loose.', 'None'], ['', 'Love the tshirts you can wear it so many different ways üòçüòç', 'None'], ['', 'supper cute! it fits well, i have a bigger chest so I ordered a large and it was still oversized but not too big either. I love it!', 'None']]",9999+ Reviews,"Style: Casual
Color: Beige
Pattern Type: Letter, Animal
Neckline: Round Neck
Length: Long
Sleeve Length: Short Sleeve
Sleeve Type: Regular Sleeve
Season: Summer
Composition: 65% Cotton, 30% Polyester, 5% Spandex
Material: Cotton
Fabric: Slight Stretch
Sheer: No
Fit Type: Oversized
Placket Type: Pullovers"
SHEIN Tie Dye Oversized Longline Tee,SKU: swtee07200609968,US$11.00,NULL,https://img.ltwebstatic.com/images3_pi/2020/07/01/1593569034a36811533506179e8596b1e252c55467_thumbnail_900x.webp,4.7,47 Reviews,"[['', 'I normally order medium in tops but since it said it was oversized I sized down to a small. It‚Äôs still quite big and oversized. It‚Äôs almost like a xl shirt on me. I still love it though. The material is thicker like a normal t shirt.', '4.7'], ['', 'Great material! I got a large for an oversized fit', '4.7'], ['', 'I honestly purchased this to sleep in. So ordered my usual size large. But would have ordered a medium if I would wear as an outfit So it wouldn‚Äôt be too oversized', '4.7']]",47 Reviews,"Style: Casual
Color: Black and White
Pattern Type: Tie Dye
Neckline: Round Neck
Length: Long
Sleeve Length: Half Sleeve
Sleeve Type: Drop Shoulder
Season: Spring/Summer
Composition: 95% Cotton, 5% Spandex
Material: Cotton
Fabric: Slight Stretch
Sheer: No
Fit Type: Oversized
Placket Type: Pullovers"
Graffiti Print Dropped Shoulder Tee,SKU: swtee04200429297,US$13.00,NULL,https://img.ltwebstatic.com/images3_pi/2020/05/20/1589968924aaaf087f981c30c212a8b5db9088a02f_thumbnail_900x.webp,4.8,792 Reviews,"[['', 'This shirt is so flattering when you get it oversized, it screams Billie eilish vibes.', '4.8'], ['', 'Nooo it‚Äôs see through', '4.8'], ['', 'Recommend, really cute. Size down', '4.8']]",792 Reviews,"Make a statement in this knit tee featuring a graffiti print, a crew neck, dropped shoulders, and short sleeves. Pair this oversized T-shirt with checkered print biker shorts, a fanny pack, and sneakers to complete the edgy, athleisure look."
Drop Shoulder Letter Graphic Tee,SKU: swtee04200430779,US$8.00,NULL,https://img.ltwebstatic.com/images3_pi/2020/05/20/1589968947bc2213ff3ae41e3daedfd9d7a25fd724_thumbnail_900x.webp,4.8,342 Reviews,"[['', 'Very cute it was over sized like it listed and I got an extra small and was still very big but overall cute and loved it the material of the shirt is like a silk', '4.8'], ['', 'Definitely what I expected', '4.8'], ['', 'It‚Äôs very cute material is very breathable. XS fits big. so i recommend if you normally wear a m or l to just buy xs.', '4.8']]",342 Reviews,"Style: Casual
Color: Black
Pattern Type: Letter
Neckline: Round Neck
Length: Long
Sleeve Length: Half Sleeve
Sleeve Type: Drop Shoulder
Season: Summer
Composition: 95% Polyester, 5% Spandex
Material: Polyester
Fabric: High Stretch
Sheer: No
Fit Type: Oversized
Placket Type: Pullovers"
Leopard And Figure Graphic Tee,SKU: swtee03200408456,US$8.00,NULL,https://img.ltwebstatic.com/images3_pi/2020/04/15/1586924381f00b8fddb97e590ad90a52e5e07e7d63_thumbnail_900x.webp,4.9,1518 Reviews,"[['', 'Happy with t shirt, great fit', '4.9'], ['', 'Such a cute top! It‚Äôs super soft and comfy. I love it with these leopard biker shorts also from SHEIN', '4.9'], ['', 'take one size smaller and never ever wash this material with anything else even whites .. it goes yellow üòî', '4.9']]",1518 Reviews,"Style: Casual
Color: White
Pattern Type: Figure, Leopard
Neckline: Round Neck
Length: Regular
Sleeve Length: Short Sleeve
Sleeve Type: Regular Sleeve
Season: Summer
Composition: 95% Polyester, 5% Spandex
Material: Polyester
Fabric: Slight Stretch
Sheer: No
Fit Type: Regular Fit
Placket Type: Pullovers"
Slogan & Coconuts Tree Print Tee,SKU: swtee00200408099,US$10.00,NULL,https://img.ltwebstatic.com/images3_pi/2020/04/08/15863440663eb41c1ded3e60e93c24d32c9f11d8c5_thumbnail_900x.webp,4.8,280 Reviews,"[['', 'i just want shein points, but you should definitely buy this it‚Äôs great', '4.8'], ['', 'I don‚Äôt know if this was supposed to be fitted or not but this is kinda big. Not too big... but if you want the fitted look then you should size down.', '4.8'], ['', 'Love this shirt!', '4.8']]",280 Reviews,"Style: Casual
Color: White
Pattern Type: Letter, Tropical
Neckline: Round Neck
Length: Regular
Sleeve Length: Short Sleeve
Sleeve Type: Regular Sleeve
Season: Summer
Composition: 30% Cotton, 65% Polyester, 5% Spandex
Material: Cotton Blends
Fabric: Slight Stretch
Sheer: No
Fit Type: Regular Fit
Placket Type: Pullovers"
Butterfly & Letter Graphic Oversized Tee,SKU: swtee03200527804,US$11.00,NULL,https://img.ltwebstatic.com/images3_pi/2020/06/15/1592187067f9220bac477a335ae05be1ceaa3e031b_thumbnail_900x.webp,4.8,738 Reviews,"[['', 'Really good. The print wasn‚Äôt the best and is easy to come off.', '4.8'], ['', 'love this loads favourite oversized tee ive got. the material is not as comfy as some others but it is not thin like the others so thats a plus. its simple but its beautiful i wil be wearing this a lot.', '4.8'], ['', 'i got a Large cuz i love baggy shirts and it‚Äôs the best :D', '4.8']]",738 Reviews,"Style: Casual
Color: Black
Pattern Type: Letter, Animal
Neckline: Round Neck
Length: Long
Sleeve Length: Short Sleeve
Sleeve Type: Drop Shoulder
Season: Summer
Composition: 100% Polyester
Material: Polyester
Fabric: Slight Stretch
Sheer: No
Fit Type: Oversized
Placket Type: Pullovers"
Letter & Heart Graphic Oversized Tee,SKU: swtee04200420872,US$12.00,NULL,https://img.ltwebstatic.com/images3_pi/2020/05/20/1589954786808537d4ae2d8dee4400e7a1f3b658a8_thumbnail_900x.webp,4.8,953 Reviews,"[['', 'really cute graphic but it just doesn‚Äôt look good on me lol. this is a xs and im 5‚Äô5 so its super oversized. but if u can rock big tees this would be cute', '4.8'], ['', 'Get ur normal size and size down if u want it to not be huge. It‚Äôs big but I love big tshirts. Definitely should‚Äôve gotten small but I think it was sold out in small when I bought it. The colors are popping in person', '4.8'], ['', 'I love it so much but it‚Äôs too big ): i was hoping to get a smaller size but every time i look they‚Äôre sold out !!', '4.8']]",953 Reviews,"Style: Casual
Color: White
Pattern Type: Letter, Heart
Neckline: Round Neck
Length: Long
Sleeve Length: Short Sleeve
Sleeve Type: Drop Shoulder
Season: Summer
Composition: 95% Polyester, 5% Spandex
Material: Polyester
Fabric: High Stretch
Sheer: No
Fit Type: Oversized
Placket Type: Pullovers"
SHEIN Black Lives Matter Slogan Graphic Tee,SKU: swtee07200620673,US$9.00,NULL,https://img.ltwebstatic.com/images3_pi/2020/07/03/1593745710891c7cdfbcd582493b6a432c749cb0f0_thumbnail_900x.webp,4.8,76 Reviews,"[['', 'Happy to make Racist mad', '4.8'], ['', 'the texture isn‚Äôt cotton but it‚Äôs cute can‚Äôt wait to see people faces in the gym when i wear it :)', '4.8'], ['', 'love tht is had the different skin tones but hate tht it‚Äôs small if u want go up a size or 2 but the shirt is nice quality & the writing is made into the shirt', '4.8']]",76 Reviews,"This solid crew neck tee features ""Black Lives Matter"" in an ombre text graphic. 100% of the proceeds from these SHEIN Together tees will be donated to various organizations in support of Black Lives Matter."
Hokusai Kanagawa vector Graphic Tee,SKU: rtsh171225153,US$8.00,NULL,https://img.ltwebstatic.com/images2_pi/2019/07/25/15640447194187763502_thumbnail_900x1199.webp,None,7936 Reviews,"[['', 'Oh god. I‚Äôm so happy that this isn‚Äôt see through. It‚Äôs actually not see through at all! The graphic is so cute, it looks exactly like the photo. I‚Äôm usually size small or medium but I sized up because I like oversized stuff but it‚Äôs actually not even that big, it fits perfectly to me so I highly highly recommend sizing up one or if u want it kinda big 2 sizes up. I really needed a white tshirt and this is perfect!', 'None'], ['', 'Bacanisimo una vaina bien!! Me gusta que no se transparente y que es suave. C√≥mprenla, les puede servir para casi todo outfit', 'None'], ['', 'really good quality, love this! the design is so pretty, really happy with it!', 'None']]",7936 Reviews,"A knit tee featuring a front sketch graphic of The Great Wave off Kanagawa by Hokusai, a crew neck, and dropped short sleeves. Complete the look by pairing the T-shirt with high-rise jeans, open-toe heels, and zip-up hoodies."
Drop Shoulder Graphic Print Tee,SKU: swtee00200519546,US$14.00,NULL,https://img.ltwebstatic.com/images3_pi/2020/06/11/159187190997c960bed5d308f7355d6524c2944b91_thumbnail_900x.webp,5.0,89 Reviews,"[['', 'the shirt is really good quality and not see through. the print is so much nicer than expected. it‚Äôs like good quality print, not the plasticy type that cracks and feels like it‚Äôs going to fall off. this is like the nice type of print. the sleeves go a bit far down but it‚Äôs ok. this also came like super fast. it came on june 23 and was meant to come on july 1', '5.0'], ['', 'It‚Äôs a bit oversized and the sleeves are long but a reallly cute tee overall', '5.0'], ['', 'I liked it but the stitching was orange instead of white and it was a bit flimsy. I personally like when my oversized T-shirt‚Äôs have structure', '5.0']]",89 Reviews,"Style: Casual
Color: Black
Pattern Type: Halloween
Neckline: Round Neck
Length: Long
Sleeve Length: Half Sleeve
Sleeve Type: Drop Shoulder
Season: Summer
Composition: 65% Cotton, 35% Polyester
Material: Cotton
Fabric: Slight Stretch
Sheer: No
Fit Type: Oversized
Placket Type: Pullovers"
SHEIN Floral Embroidery Tee,SKU: swtee07200409491,US$9.00,NULL,https://img.ltwebstatic.com/images3_pi/2020/04/20/1587375569523c240cf69f1ec7505932d51cd8b93b_thumbnail_900x.webp,None,2198 Reviews,"[['', 'I ordered an XL because the Chinese sizes are a bit smaller than the European sizes, and I am usually a medium-large. The shirt feels like an XL. The material is lightweight, but not too much, it‚Äôs a small bit see-through but not very. The designs feel like they are nice quality on the T-shirt, but haven‚Äôt washed it yet. Overall pretty happy with the shirt. The order took around 3 weeks to ship.', 'None'], ['', 'I really liked this shirt !! It was so comfy and the fabric is stretchy too . Very cute & very comfortable to wear out :))', 'None'], ['', 'ÿπÿ¨ÿ®ŸÜŸä ŸÇŸÖÿßÿ¥Ÿá ÿ≠ŸÑŸà ŸàŸÜŸÅÿ≥ ÿßŸÑÿµŸàÿ±ÿ© ÿÆÿ∞Ÿàÿß ŸÖŸÇÿßÿ≥ŸÉŸÖ ŸÑÿßŸäŸÉ ÿßÿ∞ÿß ÿßÿ≥ÿ™ŸÅÿØÿ™Ÿäüòçüëçüèª', 'None']]",2198 Reviews,"Style: Casual
Color: Green
Pattern Type: Floral
Neckline: Round Neck
Length: Regular
Details: Embroidery
Sleeve Length: Short Sleeve
Sleeve Type: Regular Sleeve
Season: Summer
Composition: 95% Cotton, 5% Spandex
Material: Cotton
Fabric: Slight Stretch
Sheer: No
Fit Type: Regular Fit
Placket Type: Pullovers"
Sun & Letter Graphic Oversized Tee,SKU: swtee03200528142,US$11.00,NULL,https://img.ltwebstatic.com/images3_pi/2020/06/10/15917902338b741c7c96589f13bab84ac774862576_thumbnail_900x.webp,4.9,61 Reviews,"[['', 'Super cute and soft. I wear this all the time to bed or to the beach. I‚Äôm 5‚Äô3 and a small fits oversized.', '4.9'], ['', 'Les recomiendo que se compren la s', '4.9'], ['', 'I love this shirt! Definitely would recommend for people to get.', '4.9']]",61 Reviews,"Style: Casual
Color: Black
Pattern Type: Letter, Graphic
Neckline: Round Neck
Length: Long
Sleeve Length: Half Sleeve
Sleeve Type: Drop Shoulder
Season: Summer
Composition: 35% Cotton, 65% Polyester
Material: Polyester
Fabric: Slight Stretch
Sheer: No
Fit Type: Oversized
Placket Type: Pullovers"
Bubblegum Mona Lisa Graphic Tee,SKU: swtee01190807138,US$9.00,NULL,https://img.ltwebstatic.com/images2_pi/2019/08/27/15668946632574725940_thumbnail_900x1199.webp,None,9999+ Reviews,"[['', 'Runs VERRY small. I‚Äôm usually a medium and got a size XL for it to be an oversized T-shirt paired with black leggings, but it fit like a bigger medium, but not quite a large. Still veryyy cute though!', 'None'], ['', 'Absolutely love this shirt !', 'None'], ['', 'This Is One Of My Favorite Shifts . Very Comfortable And True To Size .', 'None']]",9999+ Reviews,"Make a statement with this knit tee featuring a front graphic of the Mona Lisa painting blowing a bubblegum bubble, a crew neck, dropped shoulders, and short sleeves. A cute yet casual tee that can be worn in any season. Complete the look by wearing a faux leather moto jacket and skinny jeans."
SHEIN Men Tie Dye Letter & Gesture Graphic Tee,SKU: smtop07190506360,US$13.00,NULL,https://img.ltwebstatic.com/images2_pi/2019/05/06/15571102921338990046_thumbnail_900x1199.webp,None,2589 Reviews,"[['', 'Loved this shirt even though it‚Äôs a men‚Äôs lol ( I was looking for a t shirt. It‚Äôs not a cotton material like a normal t shirt but it‚Äôs still soft. It‚Äôs not actually the dyed but it‚Äôs printed on because the inside is just white. Still good quality and i like it', 'None'], ['', 'fits well and the material is good..soft and comfy', 'None'], ['', 'Love the T-shirt , extremely comfortable', 'None']]",2589 Reviews,"Style: Vacation
Color: Multicolor
Pattern Type: Figure, Tie Dye
Neckline: Round Neck
Length: Regular
Sleeve Length: Short Sleeve
Season: Summer
Composition: 95% Polyester, 5% Spandex
Fabric: Slight Stretch
Fit Type: Regular Fit
Placket Type: Pullovers"
SHEIN Letter Graphic Drop Shoulder Tee,SKU: swtee07200619921,US$8.00,NULL,https://img.ltwebstatic.com/images3_pi/2020/07/01/159357904411ad89b9953215e2db985374b4cd2bf4_thumbnail_900x.webp,4.9,329 Reviews,"[['', 'Just like the pic and cute', '4.9'], ['', 'nice', '4.9'], ['', 'so nice. love this alot really comfy great material 10 out of 10', '4.9']]",329 Reviews,"Style: Casual
Color: White
Pattern Type: Letter
Neckline: Round Neck
Length: Crop
Sleeve Length: Short Sleeve
Sleeve Type: Drop Shoulder
Season: Summer
Composition: 95.2% Polyester, 4.8% Spandex
Material: Polyester
Fabric: Slight Stretch
Sheer: No
Fit Type: Regular Fit
Placket Type: Pullovers"
SHEIN Paris Graphic Short Sleeve Tee,SKU: tee181128702,US$9.00,NULL,https://img.ltwebstatic.com/images2_pi/2018/12/07/15441681563743999692_thumbnail_900x1199.webp,None,9999+ Reviews,"[['', 'its a good shirt to wear. it is comfy, good material, love the color and matches with every outfit.', 'None'], ['', 'My first order with SHEIN and dint need to send a single item back! My order arrived to the UK a week and a half earlier than expected and delivered with Royal Mail! Just make sure to read reviews! This top is amazing quality I‚Äôm an Xs I wanted it to be more oversized so got a small, could‚Äôve done with a medium but that‚Äôs just for how I want to style it! It‚Äôs suchhhhh good quality genuinely love this and the colour is beaut! 10/10.', 'None'], ['', 'Wow the fabric is amazing. Very cool and stretchy. Like f21, zara, and h&m quality. I DO RECOMMEND!!', 'None']]",9999+ Reviews,"A knit tee featuring front ‚ÄúC‚ÄôEST LA VIE‚Äù and ‚ÄúParis‚Äù text graphic, a crew neck, short sleeves, and a longline fit. Dress up this casual T-shirt with a leopard print wrap skirt, booties, a light cardigan, and a fedora hat. Don‚Äôt forget to show us the look you create by tagging us on Instagram!"
